{
  "name": "huykaamaa",
  "vendorId": "0x1907",
  "productId": "0x2022",
  "lighting": "qmk_rgblight",
  "matrix": { "rows": 8, "cols": 6 },
  "layouts": {
    "keymap": 
	[
	  [
	    {
	      "x": 1
	    },
	    "0,0",
	    {
	      "x": 0.25
	    },
	    "0,1",
	    "0,2",
	    "0,3",
	    "0,4",
	    "0,5",
	    {
	      "x": 0.5
	    },
	    "4,0",
	    "4,1",
	    "4,2",
	    "4,3",
	    "4,4",
	    {
	      "w": 2
	    },
	    "4,5"
	  ],
	  [
	    {
	      "x": 1,
	      "w": 1.5
	    },
	    "1,0",
	    "1,1",
	    "1,2",
	    "1,3",
	    "1,4",
	    "1,5",
	    "5,0",
	    "5,1",
	    "5,2",
	    "5,3",
	    "5,4",
	    {
	      "w": 2.25
	    },
	    "5,5"
	  ],
	  [
	    {
	      "w": 2.25
	    },
	    "2,0",
	    "2,1",
	    "2,2",
	    "2,3",
	    "2,4",
	    "2,5",
	    {
	      "x": 0.5
	    },
	    "6,0",
	    "6,1",
	    "6,2",
	    "6,3",
	    "6,4",
	    "6,5"
	  ],
	  [
	    {
	      "x": 0.75,
	      "w": 1.25
	    },
	    "3,0",
	    {
	      "w": 1.25
	    },
	    "3,1",
	    {
	      "w": 1.25
	    },
	    "3,2",
	    "3,3",
	    {
	      "w": 2
	    },
	    "3,4",
	    {
	      "w": 2
	    },
	    "3,5",
	    "7,0",
	    {
	      "w": 1.25
	    },
	    "7,1",
	    "7,2",
	    "7,3",
	    "7,4"
	  ]
	]
  }
}

